<?xml version="1.0" encoding="UTF-8"?>
<addon id="game.libretro.beetle-wswan"
		name="Bandai - WonderSwan/Color (Beetle Cygne)"
		version="0.9.35.2"
		provider-name="Libretro">
	<requires>
		<import addon="game.libretro" version="1.0.0"/>
		<import addon="game.controller.ws" version="1.0.0"/>
	</requires>
	<extension point="kodi.gameclient"
			library_linux="game.libretro.beetle-wswan.so">
		<platforms>WSW</platforms>
		<extensions>ws|wsc|pc2</extensions>
		<supports_vfs>true</supports_vfs>
		<supports_standalone>false</supports_standalone>
	</extension>
	<extension point="xbmc.addon.metadata">
		<summary lang="en_GB">Bandai - WonderSwan/Color (Beetle Cygne) v0.9.35.1</summary>
		<description lang="en_GB">Standalone port of Mednafen WonderSwan to libretro, itself a fork of Cygne.

Supported files: .ws, .wsc, .pc2</description>
		<license>GPLv2</license>
		<platform>linux</platform>
		<source>https://github.com/kodi-game/game.libretro.beetle-wswan</source>
		<assets>
			<icon>resources/icon.png</icon>
			<screenshot>resources/screenshot-01.jpg</screenshot>
			<screenshot>resources/screenshot-02.jpg</screenshot>
			<screenshot>resources/screenshot-03.jpg</screenshot>
		</assets>
	</extension>
</addon>
