<?xml version="1.0" encoding="UTF-8"?>
<addon id="game.libretro.mrboom"
		name="Mr.Boom (Bomberman)"
		version="4.7.0.106"
		provider-name="Libretro">
	<requires>
		<import addon="game.libretro" version="1.0.0"/>
		<import addon="game.controller.default" version="1.0.0"/>
	</requires>
	<extension point="kodi.gameclient"
			library_linux="game.libretro.mrboom.so">
		<platforms></platforms>
		<extensions></extensions>
		<supports_vfs>true</supports_vfs>
		<supports_standalone>true</supports_standalone>
	</extension>
	<extension point="xbmc.addon.metadata">
		<summary lang="en_GB">Mr.Boom (Bomberman) 4.7</summary>
		<description lang="en_GB">Mr.Boom is a freeware 8 players Bomberman clone.

Supports up to 8 players and features like pushing bombs, remote controls and kangaroo riding...</description>
		<license></license>
		<platform>linux</platform>
		<source>https://github.com/kodi-game/game.libretro.mrboom</source>
		<assets>
			<icon>resources/icon.png</icon>
			<fanart>resources/fanart.jpg</fanart>
			<screenshot>resources/screenshot-01.jpg</screenshot>
			<screenshot>resources/screenshot-02.jpg</screenshot>
			<screenshot>resources/screenshot-03.jpg</screenshot>
		</assets>
	</extension>
</addon>
