<?xml version="1.0" encoding="UTF-8"?>
<addon id="game.libretro.handy"
		name="Atari - Lynx (Handy)"
		version="0.97.0.1"
		provider-name="Libretro">
	<requires>
		<import addon="game.libretro" version="1.0.0"/>
		<import addon="game.controller.atari.lynx" version="1.0.0"/>
	</requires>
	<extension point="kodi.gameclient"
			library_linux="game.libretro.handy.so">
		<platforms>Lynx</platforms>
		<extensions>lnx</extensions>
		<supports_vfs>false</supports_vfs>
		<supports_standalone>false</supports_standalone>
	</extension>
	<extension point="xbmc.addon.metadata">
		<summary lang="en_GB">Atari - Lynx (Handy) 0.97</summary>
		<description lang="en_GB">Handy is an Atari Lynx emulator by K. Wilkins for Windows 95/98/NT/2000/XP.

Supported files: .lnx</description>
		<license>Zlib</license>
		<platform>linux</platform>
		<source>https://github.com/kodi-game/game.libretro.handy</source>
		<assets>
			<icon>resources/icon.png</icon>
			<screenshot>resources/screenshot-01.jpg</screenshot>
			<screenshot>resources/screenshot-02.jpg</screenshot>
			<screenshot>resources/screenshot-03.jpg</screenshot>
		</assets>
	</extension>
</addon>
