<?xml version="1.0" encoding="UTF-8"?>
<addon
  id="vfs.nfs"
  version="1.0.1"
  name="NFS support"
  provider-name="spiff">
  <requires>
<import addon="kodi.binary.global.main" version="1.0.14"/>
<import addon="kodi.binary.global.general" version="1.0.3"/>
<import addon="kodi.binary.global.filesystem" version="1.0.2"/>
<import addon="kodi.binary.global.network" version="1.0.0"/>
<import addon="kodi.binary.instance.vfs" version="2.0.0"/></requires>
  <extension
    point="kodi.vfs"
    protocols="nfs"
    files="true"
    directories="true"
    library_linux="vfs.nfs.so.1.0.1" />
  <extension point="xbmc.addon.metadata">
    <summary lang="en">NFS support</summary>
    <description lang="en">NFS support</description>
    <platform>linux</platform>
  </extension>
</addon>
