<?xml version="1.0" encoding="UTF-8"?>
<addon id="game.libretro.mesen"
		name="Nintendo - NES / Famicom (Mesen)"
		version="0.9.7.2"
		provider-name="Libretro">
	<requires>
		<import addon="game.libretro" version="1.0.0"/>
	</requires>
	<extension point="kodi.gameclient"
			library_linux="game.libretro.mesen.so">
		<platforms></platforms>
		<extensions>nes|fds|unf|unif</extensions>
		<supports_vfs>true</supports_vfs>
		<supports_standalone>false</supports_standalone>
	</extension>
	<extension point="xbmc.addon.metadata">
		<summary lang="en_GB">Nintendo - NES / Famicom (Mesen) 0.9.7</summary>
		<description lang="en_GB">Supported files: .nes, .fds, .unf, .unif</description>
		<license>GPLv3</license>
		<platform>linux</platform>
		<source>https://github.com/kodi-game/game.libretro.mesen</source>
	</extension>
</addon>
