<?xml version="1.0" encoding="UTF-8"?>
<addon id="game.libretro.beetle-saturn"
		name="Sega - Saturn (Beetle Saturn)"
		version="0.9.48.2"
		provider-name="Libretro">
	<requires>
		<import addon="game.libretro" version="1.0.0"/>
	</requires>
	<extension point="kodi.gameclient"
			library_linux="game.libretro.beetle-saturn.so">
		<platforms></platforms>
		<extensions>cue|ccd|chd|toc|m3u</extensions>
		<supports_vfs>false</supports_vfs>
		<supports_standalone>false</supports_standalone>
	</extension>
	<extension point="xbmc.addon.metadata">
		<summary lang="en_GB">Sega - Saturn (Beetle Saturn) v0.9.48</summary>
		<description lang="en_GB">Supported files: .cue, .ccd, .chd, .toc, .m3u</description>
		<license>GPLv2</license>
		<platform>linux</platform>
		<source>https://github.com/kodi-game/game.libretro.beetle-saturn</source>
		<assets>
			<icon>resources/icon.png</icon>
		</assets>
	</extension>
</addon>
