<?xml version="1.0" encoding="UTF-8"?>
<addon id="game.libretro.beetle-ngp"
		name="SNK - Neo Geo Pocket / Color (Beetle NeoPop)"
		version="0.9.36.2"
		provider-name="Libretro">
	<requires>
		<import addon="game.libretro" version="1.0.0"/>
		<import addon="game.controller.ngp" version="1.0.0"/>
	</requires>
	<extension point="kodi.gameclient"
			library_linux="game.libretro.beetle-ngp.so">
		<platforms>NGP</platforms>
		<extensions>ngp|ngc|ngpc</extensions>
		<supports_vfs>false</supports_vfs>
		<supports_standalone>false</supports_standalone>
	</extension>
	<extension point="xbmc.addon.metadata">
		<summary lang="en_GB">SNK - Neo Geo Pocket / Color (Beetle NeoPop) v0.9.36.1</summary>
		<description lang="en_GB">Based on NeoPop, this emulator is not very accurate in terms of low-level details. However, it is sufficient to play most commercially released games fairly well.

Supported files: .ngp, .ngc, .ngpc</description>
		<license>GPLv2</license>
		<platform>linux</platform>
		<source>https://github.com/kodi-game/game.libretro.beetle-ngp</source>
		<assets>
			<icon>resources/icon.png</icon>
			<screenshot>resources/screenshot-01.jpg</screenshot>
			<screenshot>resources/screenshot-02.jpg</screenshot>
			<screenshot>resources/screenshot-03.jpg</screenshot>
		</assets>
	</extension>
</addon>
