<?xml version="1.0" encoding="UTF-8"?>
<addon
    id="peripheral.xarcade"
    version="1.1.0"
    name="X-Arcade Tankstick Driver"
    provider-name="Team-Kodi">
    <requires>
<import addon="kodi.binary.global.main" version="1.0.14"/>
<import addon="kodi.binary.instance.peripheral" version="1.3.7"/></requires>
    <extension
        point="kodi.peripheral"
        provides_joysticks="true"
        provides_buttonmaps="false"
        library_linux="peripheral.xarcade.so.1.1.0"/>
    <extension point="xbmc.addon.metadata">
        <summary lang="en_GB">X-Arcade Tankstick driver</summary>
        <description lang="en_GB">This driver enables input from the X-Arcade Tankstick.

A udev rule is needed. See https://kodi.wiki/view/Tankstick</description>
        <platform>linux</platform>
        <assets>
            <icon>resources/icon.png</icon>
        </assets>
    </extension>
</addon>
