<?xml version="1.0" encoding="UTF-8"?>
<addon id="game.libretro.tgbdual"
		name="Nintendo - Game Boy / Color (TGB Dual)"
		version="0.8.3.3"
		provider-name="Libretro">
	<requires>
		<import addon="game.libretro" version="1.0.0"/>
		<import addon="game.controller.gameboy" version="1.0.0"/>
	</requires>
	<extension point="kodi.gameclient"
			library_linux="game.libretro.tgbdual.so">
		<platforms>gb|gbc</platforms>
		<extensions>gb|gbc|sgb</extensions>
		<supports_vfs>true</supports_vfs>
		<supports_standalone>false</supports_standalone>
	</extension>
	<extension point="xbmc.addon.metadata">
		<summary lang="en_GB">Nintendo - Game Boy / Color (TGB Dual) v0.8.3</summary>
		<description lang="en_GB">TGB Dual is an open source GB/GBC emulator with game link cable support.

Supported files: .gb, .gbc, .sgb</description>
		<license>GPLv2</license>
		<platform>linux</platform>
		<source>https://github.com/kodi-game/game.libretro.tgbdual</source>
		<assets>
			<screenshot>resources/screenshot-01.jpg</screenshot>
			<screenshot>resources/screenshot-02.jpg</screenshot>
			<screenshot>resources/screenshot-03.jpg</screenshot>
		</assets>
	</extension>
</addon>
