<?xml version="1.0" encoding="UTF-8"?>
<addon id="game.libretro.melonds"
		name="Nintendo - DS (melonDS)"
		version="0.6.0.2"
		provider-name="Libretro">
	<requires>
		<import addon="game.libretro" version="1.0.0"/>
		<import addon="game.controller.nds" version="1.0.0"/>
	</requires>
	<extension point="kodi.gameclient"
			library_linux="game.libretro.melonds.so">
		<platforms></platforms>
		<extensions>nds</extensions>
		<supports_vfs>false</supports_vfs>
		<supports_standalone>false</supports_standalone>
	</extension>
	<extension point="xbmc.addon.metadata">
		<summary lang="en_GB">Nintendo - DS (melonDS) 0.6</summary>
		<description lang="en_GB">Supported files: .nds</description>
		<license>GPLv3</license>
		<platform>linux</platform>
		<source>https://github.com/kodi-game/game.libretro.melonds</source>
	</extension>
</addon>
