<?xml version="1.0" encoding="UTF-8"?>
<addon id="game.libretro.snes9x2010"
		name="Nintendo - SNES / Famicom (Snes9x 2010)"
		version="1.52.4.4"
		provider-name="Libretro">
	<requires>
		<import addon="game.libretro" version="1.0.0"/>
		<import addon="game.controller.snes" version="1.0.0"/>
		<import addon="game.controller.snes.mouse" version="1.0.0"/>
		<import addon="game.controller.snes.multitap" version="1.0.0"/>
		<import addon="game.controller.snes.super.scope" version="1.0.0"/>
		<import addon="game.controller.konami.justifier.snes" version="1.0.0"/>
	</requires>
	<extension point="kodi.gameclient"
			library_linux="game.libretro.snes9x2010.so">
		<platforms>SNES</platforms>
		<extensions>smc|fig|sfc|gd3|gd7|dx2|bsx|swc</extensions>
		<supports_vfs>true</supports_vfs>
		<supports_standalone>false</supports_standalone>
	</extension>
	<extension point="xbmc.addon.metadata">
		<summary lang="en_GB">Nintendo - SNES / Famicom (Snes9x 2010) 1.52.4</summary>
		<description lang="en_GB">Port of Snes9x 1.52+ to Libretro (previously called SNES9x Next). Rewritten in C and several optimizations and speedhacks.

Icon credit: HarryBana (harrybana.deviantart.com)

Supported files: .smc, .fig, .sfc, .gd3, .gd7, .dx2, .bsx, .swc</description>
		<license>Non-commercial</license>
		<platform>linux</platform>
		<source>https://github.com/kodi-game/game.libretro.snes9x2010</source>
		<assets>
			<icon>resources/icon.png</icon>
			<screenshot>resources/screenshot-01.jpg</screenshot>
			<screenshot>resources/screenshot-02.jpg</screenshot>
			<screenshot>resources/screenshot-03.jpg</screenshot>
		</assets>
	</extension>
</addon>
